{
  "vehicles_emission_km": {
    "PC_DIESEL_EURO1": {
      "NO": 0.8642857140000001,
      "PM": 0.0596,
      "CO": 0.9964157709999999,
      "HC": 0.0
    },
    "PC_DIESEL_EURO2": {
      "NO": 0.97,
      "PM": 0.0626,
      "CO": 1.2114695340000001,
      "HC": 0.0
    },
    "PC_DIESEL_EURO3": {
      "NO": 0.771428571,
      "PM": 0.0486,
      "CO": 1.0609319,
      "HC": 0.0
    },
    "PC_DIESEL_EURO4": {
      "NO": 0.662857143,
      "PM": 0.0244,
      "CO": 0.845878136,
      "HC": 0.0
    },
    "PC_DIESEL_EURO5": {
      "NO": 0.7242857140000001,
      "PM": 0.0046,
      "CO": 0.734767025,
      "HC": 0.0
    },
    "PC_DIESEL_EURO6": {
      "NO": 0.332857143,
      "PM": 0.0016,
      "CO": 0.752688172,
      "HC": 0.0
    },
    "PC_PETROL_EURO1": {
      "NO": 0.7857142859999999,
      "PM": 0.0042603170000000004,
      "CO": 7.495238095,
      "HC": 0.0
    },
    "PC_PETROL_EURO2": {
      "NO": 0.7542857140000001,
      "PM": 0.004368254,
      "CO": 5.361904762,
      "HC": 0.0
    },
    "PC_PETROL_EURO3": {
      "NO": 0.394285714,
      "PM": 0.002057143,
      "CO": 3.6571428569999997,
      "HC": 0.0
    },
    "PC_PETROL_EURO4": {
      "NO": 0.211428571,
      "PM": 0.001295238,
      "CO": 2.4380952380000003,
      "HC": 0.0
    },
    "PC_PETROL_EURO5": {
      "NO": 0.11285714300000001,
      "PM": 0.001587302,
      "CO": 1.6476190480000001,
      "HC": 0.0
    },
    "PC_PETROL_EURO6": {
      "NO": 0.082857143,
      "PM": 0.001130159,
      "CO": 1.0,
      "HC": 0.0
    },
    "LDV_DIESEL_EURO1": {
      "NO": 1.0771428570000001,
      "PM": 0.08966666699999999,
      "CO": 1.291970803,
      "HC": 0.0
    },
    "LDV_DIESEL_EURO2": {
      "NO": 1.265714286,
      "PM": 0.08533333300000001,
      "CO": 1.795620438,
      "HC": 0.0
    },
    "LDV_DIESEL_EURO3": {
      "NO": 1.194285714,
      "PM": 0.073333333,
      "CO": 1.737226277,
      "HC": 0.0
    },
    "LDV_DIESEL_EURO4": {
      "NO": 0.817142857,
      "PM": 0.036,
      "CO": 1.248175182,
      "HC": 0.0
    },
    "LDV_DIESEL_EURO5": {
      "NO": 1.082857143,
      "PM": 0.003333333,
      "CO": 1.189781022,
      "HC": 0.0
    },
    "LDV_DIESEL_EURO6": {
      "NO": 0.514285714,
      "PM": 0.002666667,
      "CO": 1.131386861,
      "HC": 0.0
    },
    "LDV_PETROL_EURO1": {
      "NO": 1.101027397,
      "PM": 0.007307691999999999,
      "CO": 4.642105263,
      "HC": 0.0
    },
    "LDV_PETROL_EURO2": {
      "NO": 1.094178082,
      "PM": 0.00994695,
      "CO": 4.3894736839999995,
      "HC": 0.0
    },
    "LDV_PETROL_EURO3": {
      "NO": 0.607876712,
      "PM": 0.005344828,
      "CO": 4.7,
      "HC": 0.0
    },
    "LDV_PETROL_EURO4": {
      "NO": 0.375,
      "PM": 0.001061008,
      "CO": 3.563157895,
      "HC": 0.0
    },
    "LDV_PETROL_EURO5": {
      "NO": 0.284246575,
      "PM": 0.0,
      "CO": 3.110526316,
      "HC": 0.0
    },
    "LDV_PETROL_EURO6": {
      "NO": 0.109589041,
      "PM": 0.004403183,
      "CO": 1.757894737,
      "HC": 0.0
    },
    "HDV_DIESEL_EEV": {
      "NO": 0.0,
      "PM": 0.0,
      "CO": 0.0,
      "HC": 0.0
    },
    "HDV_DIESEL_EURO1": {
      "NO": 0.0,
      "PM": 0.0,
      "CO": 0.0,
      "HC": 0.0
    },
    "HDV_DIESEL_EURO2": {
      "NO": 0.0,
      "PM": 0.0,
      "CO": 0.0,
      "HC": 0.0
    },
    "HDV_DIESEL_EURO3": {
      "NO": 0.0,
      "PM": 0.0,
      "CO": 0.0,
      "HC": 0.0
    },
    "HDV_DIESEL_EURO4": {
      "NO": 0.0,
      "PM": 0.0,
      "CO": 0.0,
      "HC": 0.0
    },
    "HDV_DIESEL_EURO5": {
      "NO": 0.0,
      "PM": 0.0,
      "CO": 0.0,
      "HC": 0.0
    },
    "HDV_DIESEL_EURO6": {
      "NO": 0.0,
      "PM": 0.0,
      "CO": 0.0,
      "HC": 0.0
    }
  }
}